time,open,high,low,close
2026-01-01T00:00:00,2403.3,2403.3,2403.3,2403.3
2026-01-01T01:00:00,2505.7,2505.7,2505.7,2505.7
2026-01-01T02:00:00,2536.9,2536.9,2536.9,2536.9
2026-01-01T03:00:00,2546.8,2546.8,2546.8,2546.8
2026-01-01T04:00:00,2588.0,2588.0,2588.0,2588.0
2026-01-01T05:00:00,2617.0,2617.0,2617.0,2617.0
2026-01-01T06:00:00,2626.1,2626.1,2626.1,2626.1
2026-01-01T07:00:00,2629.2,2629.2,2629.2,2629.2
2026-01-01T08:00:00,2633.3,2633.3,2633.3,2633.3
2026-01-01T09:00:00,2633.8,2633.8,2633.8,2633.8
2026-01-01T10:00:00,2650.7,2650.7,2650.7,2650.7
2026-01-01T11:00:00,2662.2,2662.2,2662.2,2662.2
2026-01-01T12:00:00,2665.5,2665.5,2665.5,2665.5
2026-01-01T13:00:00,2678.0,2678.0,2678.0,2678.0
2026-01-01T14:00:00,2696.9,2696.9,2696.9,2696.9
2026-01-01T15:00:00,2703.2,2703.2,2703.2,2703.2
2026-01-01T16:00:00,2703.4,2703.4,2703.4,2703.4
2026-01-01T17:00:00,2706.4,2706.4,2706.4,2706.4
2026-01-01T18:00:00,2711.5,2711.5,2711.5,2711.5
2026-01-01T19:00:00,2714.0,2714.0,2714.0,2714.0
2026-01-01T20:00:00,2720.0,2720.0,2720.0,2720.0
2026-01-01T21:00:00,2723.8,2723.8,2723.8,2723.8
2026-01-01T22:00:00,2724.2,2724.2,2724.2,2724.2
2026-01-01T23:00:00,2742.9,2742.9,2742.9,2742.9
2026-01-01T24:00:00,2752.7,2752.7,2752.7,2752.7
2026-01-01T25:00:00,2787.8,2787.8,2787.8,2787.8
2026-01-01T26:00:00,2793.9,2793.9,2793.9,2793.9
2026-01-01T27:00:00,2803.9,2803.9,2803.9,2803.9
2026-01-01T28:00:00,2807.0,2807.0,2807.0,2807.0
2026-01-01T29:00:00,2835.1,2835.1,2835.1,2835.1
2026-01-01T30:00:00,2937.4,2937.4,2937.4,2937.4